url,id,label_it,level,parent
https://w3id.org/italia/social-security/controlled-vocabulary/data/tipologia_causale_sospensione/1,1,Avversità atmosferiche,1,
https://w3id.org/italia/social-security/controlled-vocabulary/data/tipologia_causale_sospensione/10,10,Calamità naturali (Legge 286 e 215/1989),1,
https://w3id.org/italia/social-security/controlled-vocabulary/data/tipologia_causale_sospensione/11,11,Mancanza di lavoro/Carenza di commesse,1,
https://w3id.org/italia/social-security/controlled-vocabulary/data/tipologia_causale_sospensione/12,12,COVID-19 CISOA,1,
https://w3id.org/italia/social-security/controlled-vocabulary/data/tipologia_causale_sospensione/13,13,CISOA DL RILANCIO,1,
https://w3id.org/italia/social-security/controlled-vocabulary/data/tipologia_causale_sospensione/14,14,"COVID-19 Obbligo permanenza domiciliare (esclusiva per la LOMBARDIA, VENETO ed EMILIA ROMAGNA)",1,
https://w3id.org/italia/social-security/controlled-vocabulary/data/tipologia_causale_sospensione/15,15,COVID-19 - L.178/2020,1,
https://w3id.org/italia/social-security/controlled-vocabulary/data/tipologia_causale_sospensione/16,16,CISOA DL 41/2021,1,
https://w3id.org/italia/social-security/controlled-vocabulary/data/tipologia_causale_sospensione/17,17,CISOA eventi atmosferici a riduzione,1,
https://w3id.org/italia/social-security/controlled-vocabulary/data/tipologia_causale_sospensione/18,18,CISOA eventi atmosferici a sospensione ex dl 92/2025,1,
https://w3id.org/italia/social-security/controlled-vocabulary/data/tipologia_causale_sospensione/19,19,DL n. 25/2026 Sospensione attività lavorativa lavoratori con contratto attivo al 18/01,1,
https://w3id.org/italia/social-security/controlled-vocabulary/data/tipologia_causale_sospensione/2,2,Stasi stagionale,1,
https://w3id.org/italia/social-security/controlled-vocabulary/data/tipologia_causale_sospensione/20,20,DL n. 25/2026 Sospensione attività lavorativa lavoratori senza contratto attivo al 18/01,1,
https://w3id.org/italia/social-security/controlled-vocabulary/data/tipologia_causale_sospensione/21,21,DL n. 25/2026 Impossibilità a recarsi al lavoro lavoratori residenti,1,
https://w3id.org/italia/social-security/controlled-vocabulary/data/tipologia_causale_sospensione/21-01,21-01,DL n. 25/2026 Impossibilità a recarsi al lavoro lavoratori residenti a un provvedimento normativo o amministrativo direttamente connesso allo straordinario evento emergenziale,2,https://w3id.org/italia/social-security/controlled-vocabulary/data/tipologia_causale_sospensione/21
https://w3id.org/italia/social-security/controlled-vocabulary/data/tipologia_causale_sospensione/21-02,21-02,DL n. 25/2026 Impossibilità a recarsi al lavoro lavoratori residenti alla interruzione o impraticabilità delle vie di comunicazione,2,https://w3id.org/italia/social-security/controlled-vocabulary/data/tipologia_causale_sospensione/21
https://w3id.org/italia/social-security/controlled-vocabulary/data/tipologia_causale_sospensione/21-03,21-03,DL n. 25/2026 Impossibilità a recarsi al lavoro lavoratori residenti alla inutilizzabilità dei mezzi di trasporto,2,https://w3id.org/italia/social-security/controlled-vocabulary/data/tipologia_causale_sospensione/21
https://w3id.org/italia/social-security/controlled-vocabulary/data/tipologia_causale_sospensione/21-04,21-04,DL n. 25/2026 Impossibilità a recarsi al lavoro lavoratori residenti alla inagibilità della abitazione di residenza o domicilio,2,https://w3id.org/italia/social-security/controlled-vocabulary/data/tipologia_causale_sospensione/21
https://w3id.org/italia/social-security/controlled-vocabulary/data/tipologia_causale_sospensione/21-05,21-05,DL n. 25/2026 Impossibilità a recarsi al lavoro lavoratori residenti alle condizioni di salute di familiari conviventi,2,https://w3id.org/italia/social-security/controlled-vocabulary/data/tipologia_causale_sospensione/21
https://w3id.org/italia/social-security/controlled-vocabulary/data/tipologia_causale_sospensione/21-06,21-06,"DL n. 25/2026 Impossibilità a recarsi al lavoro lavoratori residenti ad ulteriori avvenimenti che abbiano richiesto la presenza del lavoratore in luogo diverso da quello di lavoro, tutti ricollegabili all'evento straordinario ed emergenziale",2,https://w3id.org/italia/social-security/controlled-vocabulary/data/tipologia_causale_sospensione/21
https://w3id.org/italia/social-security/controlled-vocabulary/data/tipologia_causale_sospensione/21-07,21-07,DL n. 25/2026 Impossibilità a recarsi al lavoro lavoratori residenti Due o più delle condizioni impeditive elencate,2,https://w3id.org/italia/social-security/controlled-vocabulary/data/tipologia_causale_sospensione/21
https://w3id.org/italia/social-security/controlled-vocabulary/data/tipologia_causale_sospensione/22,22,DL n. 25/2026 Impossibilità a recarsi al lavoro lavoratori domiciliati,1,
https://w3id.org/italia/social-security/controlled-vocabulary/data/tipologia_causale_sospensione/22-01,22-01,DL n. 25/2026 Impossibilità a recarsi al lavoro lavoratori domiciliati a un provvedimento normativo o amministrativo direttamente connesso allo straordinario evento emergenziale,2,https://w3id.org/italia/social-security/controlled-vocabulary/data/tipologia_causale_sospensione/22
https://w3id.org/italia/social-security/controlled-vocabulary/data/tipologia_causale_sospensione/22-02,22-02,DL n. 25/2026 Impossibilità a recarsi al lavoro lavoratori domiciliati alla interruzione o impraticabilità delle vie di comunicazione,2,https://w3id.org/italia/social-security/controlled-vocabulary/data/tipologia_causale_sospensione/22
https://w3id.org/italia/social-security/controlled-vocabulary/data/tipologia_causale_sospensione/22-03,22-03,DL n. 25/2026 Impossibilità a recarsi al lavoro lavoratori domiciliati alla inutilizzabilità dei mezzi di trasporto,2,https://w3id.org/italia/social-security/controlled-vocabulary/data/tipologia_causale_sospensione/22
https://w3id.org/italia/social-security/controlled-vocabulary/data/tipologia_causale_sospensione/22-04,22-04,DL n. 25/2026 Impossibilità a recarsi al lavoro lavoratori domiciliati alla inagibilità della abitazione di residenza o domicilio,2,https://w3id.org/italia/social-security/controlled-vocabulary/data/tipologia_causale_sospensione/22
https://w3id.org/italia/social-security/controlled-vocabulary/data/tipologia_causale_sospensione/22-05,22-05,DL n. 25/2026 Impossibilità a recarsi al lavoro lavoratori domiciliati alle condizioni di salute di familiari conviventi,2,https://w3id.org/italia/social-security/controlled-vocabulary/data/tipologia_causale_sospensione/22
https://w3id.org/italia/social-security/controlled-vocabulary/data/tipologia_causale_sospensione/22-06,22-06,"DL n. 25/2026 Impossibilità a recarsi al lavoro lavoratori domiciliati ad ulteriori avvenimenti che abbiano richiesto la presenza del lavoratore in luogo diverso da quello di lavoro, tutti ricollegabili all'evento straordinario ed emergenziale",2,https://w3id.org/italia/social-security/controlled-vocabulary/data/tipologia_causale_sospensione/22
https://w3id.org/italia/social-security/controlled-vocabulary/data/tipologia_causale_sospensione/22-07,22-07,DL n. 25/2026 Impossibilità a recarsi al lavoro lavoratori domiciliati Due o più delle condizioni impeditive elencate,2,https://w3id.org/italia/social-security/controlled-vocabulary/data/tipologia_causale_sospensione/22
https://w3id.org/italia/social-security/controlled-vocabulary/data/tipologia_causale_sospensione/3,3,Fenomeni infettivi,1,
https://w3id.org/italia/social-security/controlled-vocabulary/data/tipologia_causale_sospensione/4,4,Mancanza di materie prime,1,
https://w3id.org/italia/social-security/controlled-vocabulary/data/tipologia_causale_sospensione/5,5,Ristrutturazione aziendale,1,
https://w3id.org/italia/social-security/controlled-vocabulary/data/tipologia_causale_sospensione/6,6,Motivi economici,1,
https://w3id.org/italia/social-security/controlled-vocabulary/data/tipologia_causale_sospensione/7,7,Fenomeni epidemici dovuti ad Afta Epizootica,1,
https://w3id.org/italia/social-security/controlled-vocabulary/data/tipologia_causale_sospensione/8,8,Calamità naturali (Legge 223 dell'Agosto 1991),1,
https://w3id.org/italia/social-security/controlled-vocabulary/data/tipologia_causale_sospensione/9,9,Fenomeni alluvionali in Valtellina ed Alto Piemonte,1,
