url,id,label_it,level
https://w3id.org/italia/social-security/controlled-vocabulary/data/tipologia_assenza/A,A,aspettativa,1
https://w3id.org/italia/social-security/controlled-vocabulary/data/tipologia_assenza/AV,AV,assenza volontaria,1
https://w3id.org/italia/social-security/controlled-vocabulary/data/tipologia_assenza/F,F,ferie,1
https://w3id.org/italia/social-security/controlled-vocabulary/data/tipologia_assenza/INF,INF,infortunio,1
https://w3id.org/italia/social-security/controlled-vocabulary/data/tipologia_assenza/M,M,malattia,1
https://w3id.org/italia/social-security/controlled-vocabulary/data/tipologia_assenza/MAT,MAT,gravidanza e puerperio,1
https://w3id.org/italia/social-security/controlled-vocabulary/data/tipologia_assenza/MPR,MPR,malattia professionale,1
https://w3id.org/italia/social-security/controlled-vocabulary/data/tipologia_assenza/P,P,permessi,1
https://w3id.org/italia/social-security/controlled-vocabulary/data/tipologia_assenza/SC,SC,sciopero,1
https://w3id.org/italia/social-security/controlled-vocabulary/data/tipologia_assenza/SM,SM,servizio militare,1
